Workbook

Sheet sheet1
A1: Energy Consumption Analysis
A4: Sum of PowerConsumption_Zone1 | B4: Sum of PowerConsumption_Zone2 | C4: Sum of PowerConsumption_Zone3
A5: 63691759 | B5: 40545294 | C5: 36909236
A8: Daily Energy Consumption | F8: Average Weather Conditions
F10: Date | G10: Sum of PowerConsumption_Zone1 | H10: Sum of PowerConsumption_Zone2 | I10: Sum of PowerConsumption_Zone3
F11: 42736 | G11: 4098993.4 | H11: 2554241.9 | I11: 2573106.5
F12: 42737 | G12: 4157207.1 | H12: 2816312.5 | I12: 2566189.9
F13: 42738 | G13: 4400992.4 | H13: 2888246.8 | I13: 2537395.7
F14: 42739 | G14: 4419335.7 | H14: 2894699.1 | I14: 2545012
F15: 42740 | G15: 4435619.2 | H15: 2884887.5 | I15: 2543641.4
F16: 42741 | G16: 4422562 | H16: 2900126.4 | I16: 2517276.1
F17: 42742 | G17: 4408228.9 | H17: 2772350.2 | I17: 2589975.9
F18: 42743 | G18: 4256627.8 | H18: 2479841.9 | I18: 2564726.7
F19: 42744 | G19: 4397796.5 | H19: 2750779.3 | I19: 2508161.9
F20: 42745 | G20: 4588313.9 | H20: 2794358.7 | I20: 2509249.2
F21: 42746 | G21: 4472318 | H21: 2695309.4 | I21: 2492293
F22: 42747 | G22: 4618936.7 | H22: 2856561.7 | I22: 2521064.1
... F25: 42750 | G25: 2042078 | H25: 1741765.3 | I25: 1434575.4

Sheet sheet2Dashboard
A1: ENERGY CONSUMPTION DASHBOARD
A5: TOTAL CONSUMPTION | D5: TOP ZONE | G5: ZONE 1 SHARE | J5: PEAK DAY | M5: ZONE 1 45.1% of total
A6: =SUM(sheet1!A5:C5) -> 1.4114629e+08 | D6: ="Zone 1" -> Zone 1 | G6: =sheet1!C5/SUM(sheet1!A5:C5) -> 0.26149632 | J6: =INDEX('Chart Data'!D2:D16,MATCH(MAX('Chart Data'!H2:H16),'Chart Data'!H2:H16,0)) -> 42747

Sheet Energy_Consumption
A1: Date | B1: Temperature | C1: Humidity | D1: WindSpeed | E1: GeneralDiffuseFlows | F1: DiffuseFlows | G1: PowerConsumption_Zone1 | H1: PowerConsumption_Zone2 | I1: PowerConsumption_Zone3
A2: 42736 | B2: 6.559 | C2: 73.8 | D2: 0.083 | E2: 0.051 | F2: 0.119 | G2: 34055.696 | H2: 16128.875 | I2: -1797.9454
A3: 42736 | B3: 6.414 | C3: 74.5 | D3: 0.083 | E3: 0.07 | F3: 0.085 | G3: 29814.684 | H3: 19375.076 | I3: 8935.4684
A4: 42736 | B4: 6.313 | C4: 74.5 | D4: 0.08 | E4: 0.062 | F4: 0.1 | G4: 29128.101 | H4: 19006.687 | I4: 8885.2726
A5: 42736 | B5: 6.121 | C5: 75 | D5: 0.083 | E5: 0.091 | F5: 0.096 | G5: 28228.861 | H5: 18361.094 | I5: 8493.3277
A6: 42736 | B6: 5.921 | C6: 75.7 | D6: 0.081 | E6: 0.048 | F6: 0.085 | G6: 27335.696 | H6: 17872.34 | I6: 8408.9847
A7: 42736 | B7: 5.853 | C7: 76.9 | D7: 0.081 | E7: 0.059 | F7: 0.108 | G7: 26624.81 | H7: 17416.413 | I7: 8208.0166
A8: 42736 | B8: 5.641 | C8: 77.7 | D8: 0.08 | E8: 0.048 | F8: 0.096 | G8: 25998.987 | H8: 16993.313 | I8: 7987.6388
A9: 42736 | B9: 5.496 | C9: 78.2 | D9: 0.085 | E9: 0.055 | F9: 0.093 | G9: 25446.076 | H9: 16661.398 | I9: 7876.7204
A10: 42736 | B10: 5.678 | C10: 78.1 | D10: 0.081 | E10: 0.066 | F10: 0.141 | G10: 24777.722 | H10: 16227.356 | I10: 7676.9897
A11: 42736 | B11: 5.491 | C11: 77.3 | D11: 0.082 | E11: 0.062 | F11: 0.111 | G11: 24279.494 | H11: 15939.21 | I11: 7598.9258
A12: 42736 | B12: 5.516 | C12: 77.5 | D12: 0.081 | E12: 0.051 | F12: 0.108 | G12: 23896.709 | H12: 15435.866 | I12: 6975.0237
A13: 42736 | B13: 5.471 | C13: 76.7 | D13: 0.083 | E13: 0.059 | F13: 0.126 | G13: 23544.304 | H13: 15213.374 | I13: 6882.4439
... A2112: 42750 | B2112: 18.69 | C2112: 51.74 | D2112: 0.084 | E2112: 287.7 | F2112: 320.5 | G2112: 30197.468 | H2112: 17905.167 | I2112: 16915.663

Sheet Chart Data
A1: Zone | B1: Consommation totale | D1: Date | E1: Zone 1 | F1: Zone 2 | G1: Zone 3 | H1: Total | J1: Température moyenne | K1: Consommation totale
A2: Zone 1 | B2: =sheet1!C5 -> 36909236 | D2: =sheet1!F11 -> 42736 | E2: =sheet1!B11 -> 0 | F2: =sheet1!C11 -> 0 | G2: =sheet1!D11 -> 0 | H2: =SUM(sheet1!G11:I11) -> 9226341.9 | J2: =sheet1!G11 -> 4098993.4 | K2: =H2 -> 9226341.9
A3: Zone 2 | B3: =sheet1!B5 -> 40545294 | D3: =sheet1!F12 -> 42737 | E3: =sheet1!B12 -> 0 | F3: =sheet1!C12 -> 0 | G3: =sheet1!D12 -> 0 | H3: =SUM(sheet1!G12:I12) -> 9539709.4 | J3: =sheet1!G12 -> 4157207.1 | K3: =H3 -> 9539709.4
A4: Zone 3 | B4: =sheet1!A5 -> 63691759 | D4: =sheet1!F13 -> 42738 | E4: =sheet1!B13 -> 0 | F4: =sheet1!C13 -> 0 | G4: =sheet1!D13 -> 0 | H4: =SUM(sheet1!G13:I13) -> 9826634.9 | J4: =sheet1!G13 -> 4400992.4 | K4: =H4 -> 9826634.9
D5: =sheet1!F14 -> 42739 | E5: =sheet1!B14 -> 0 | F5: =sheet1!C14 -> 0 | G5: =sheet1!D14 -> 0 | H5: =SUM(sheet1!G14:I14) -> 9859046.8 | J5: =sheet1!G14 -> 4419335.7 | K5: =H5 -> 9859046.8
D6: =sheet1!F15 -> 42740 | E6: =sheet1!B15 -> 0 | F6: =sheet1!C15 -> 0 | G6: =sheet1!D15 -> 0 | H6: =SUM(sheet1!G15:I15) -> 9864148.2 | J6: =sheet1!G15 -> 4435619.2 | K6: =H6 -> 9864148.2
D7: =sheet1!F16 -> 42741 | E7: =sheet1!B16 -> 0 | F7: =sheet1!C16 -> 0 | G7: =sheet1!D16 -> 0 | H7: =SUM(sheet1!G16:I16) -> 9839964.6 | J7: =sheet1!G16 -> 4422562 | K7: =H7 -> 9839964.6
D8: =sheet1!F17 -> 42742 | E8: =sheet1!B17 -> 0 | F8: =sheet1!C17 -> 0 | G8: =sheet1!D17 -> 0 | H8: =SUM(sheet1!G17:I17) -> 9770554.9 | J8: =sheet1!G17 -> 4408228.9 | K8: =H8 -> 9770554.9
D9: =sheet1!F18 -> 42743 | E9: =sheet1!B18 -> 0 | F9: =sheet1!C18 -> 0 | G9: =sheet1!D18 -> 0 | H9: =SUM(sheet1!G18:I18) -> 9301196.5 | J9: =sheet1!G18 -> 4256627.8 | K9: =H9 -> 9301196.5
D10: =sheet1!F19 -> 42744 | E10: =sheet1!B19 -> 0 | F10: =sheet1!C19 -> 0 | G10: =sheet1!D19 -> 0 | H10: =SUM(sheet1!G19:I19) -> 9656737.7 | J10: =sheet1!G19 -> 4397796.5 | K10: =H10 -> 9656737.7
D11: =sheet1!F20 -> 42745 | E11: =sheet1!B20 -> 0 | F11: =sheet1!C20 -> 0 | G11: =sheet1!D20 -> 0 | H11: =SUM(sheet1!G20:I20) -> 9891921.7 | J11: =sheet1!G20 -> 4588313.9 | K11: =H11 -> 9891921.7
D12: =sheet1!F21 -> 42746 | E12: =sheet1!B21 -> 0 | F12: =sheet1!C21 -> 0 | G12: =sheet1!D21 -> 0 | H12: =SUM(sheet1!G21:I21) -> 9659920.4 | J12: =sheet1!G21 -> 4472318 | K12: =H12 -> 9659920.4
D13: =sheet1!F22 -> 42747 | E13: =sheet1!B22 -> 0 | F13: =sheet1!C22 -> 0 | G13: =sheet1!D22 -> 0 | H13: =SUM(sheet1!G22:I22) -> 9996562.5 | J13: =sheet1!G22 -> 4618936.7 | K13: =H13 -> 9996562.5
D14: =sheet1!F23 -> 42748 | E14: =sheet1!B23 -> 0 | F14: =sheet1!C23 -> 0 | G14: =sheet1!D23 -> 0 | H14: =SUM(sheet1!G23:I23) -> 9798248.3 | J14: =sheet1!G23 -> 4532554.9 | K14: =H14 -> 9798248.3
D15: =sheet1!F24 -> 42749 | E15: =sheet1!B24 -> 0 | F15: =sheet1!C24 -> 0 | G15: =sheet1!D24 -> 0 | H15: =SUM(sheet1!G24:I24) -> 9696881.6 | J15: =sheet1!G24 -> 4440194.4 | K15: =H15 -> 9696881.6
D16: =sheet1!F25 -> 42750 | E16: =sheet1!B25 -> 0 | F16: =sheet1!C25 -> 0 | G16: =sheet1!D25 -> 0 | H16: =SUM(sheet1!G25:I25) -> 5218418.7 | J16: =sheet1!G25 -> 2042078 | K16: =H16 -> 5218418.7
